{"generator_loss": 1.9484059810638428, "discriminator_loss": 0.5904841423034668, "_timestamp": 1678158735.4747639, "_runtime": 1180.1523809432983, "_step": 99, "_wandb": {"runtime": 1177}}